{
  "post_code_cb": 5.791502443844754,
  "amount": 6.153557271740423,
  "street_cb": 7.198558871004829,
  "transaction_time_hour": 8.464213788835812,
  "cat_id_cb": 15.584823183516642
}